"phi, theta, psi, x, y, y_pred, h, h_err, h_err_pred, y_err_NN, h_err_NN"
0.0,0.0,7.629394502828291e-07,-9464.001558412458,-0.0033611206581554143,-64.03113555908203,467.9817199707031,-670.5848523914758,-3.094083070755005,64.02777443842388,-667.4907693207208
-0.05447344854474068,-0.2188405990600586,0.8344009399414034,-9469.3152929215,-0.07480778774879582,-16.500417709350586,467.9551086425781,-670.8832429887078,-12.428360939025879,16.42560992160179,-658.4548820496819
0.07048267871141434,-1.9964919090270996,2.4519317626953097,-9474.931246953114,-0.1553418168441567,-69.08360290527344,467.9423828125,-671.214003621848,-14.02174186706543,68.92826108842928,-657.1922617547825
0.06703921407461166,-4.511602878570557,4.9166954040527315,-9481.021298596326,-0.24662237467055093,-83.84008026123047,467.87640380859375,-671.5205081332923,-0.24020373821258545,83.59345788655992,-671.2803043950797
-0.06353316456079483,-3.736036777496338,8.18374328613281,-9487.034138492047,-0.3308100529611693,-19.786884307861328,467.6732177734375,-671.6850831407037,1.020371913909912,19.45607425490016,-672.7054550546136
0.25132420659065247,-0.5206243991851807,10.295304107666013,-9492.16094797666,-0.3729314906477157,-90.28903198242188,467.4377136230469,-671.7631480914043,-16.947477340698242,89.91610049177416,-654.8156707507061
0.9186964631080627,1.5997194051742554,11.710713195800778,-9497.700230795868,-0.3834794856802546,5.276051044464111,467.2478332519531,-671.912064771288,-1.4423191547393799,-5.659530530144366,-670.4697456165486
1.6803455352783203,0.9295978546142578,11.270054626464841,-9504.228609686254,-0.3284701992697592,-28.515949249267578,467.158203125,-672.2217274026059,-9.445396423339844,28.18747904999782,-662.776330979266
1.8078831434249878,-1.8839285373687744,8.539021301269528,-9510.837428860143,-0.20130726347269956,-111.76031494140625,467.14288330078125,-672.610620275163,-9.63318920135498,111.55900767793355,-662.977431073808
1.6477031707763672,-3.8407909870147705,6.02169494628906,-9516.716508241465,-0.06896434564623632,-37.018436431884766,467.0779113769531,-672.9052282503692,-1.7433017492294312,36.94947208623853,-671.1619265011398
1.4318069219589233,-3.1581926345825195,3.7480972290039034,-9523.458767288506,0.08665070621918858,14.892183303833008,466.8735656738281,-673.1132567762945,-16.409170150756836,-14.80553259761382,-656.7040866255377
1.18267822265625,-1.7205909490585327,1.6860473632812472,-9529.750114785082,0.2408035982234651,-64.90489196777344,466.63140869140625,-673.2558950910404,17.146461486816406,65.1456955659969,-690.4023565778568
0.7809662818908691,0.31385618448257446,0.4418075561523409,-9535.256390363733,0.3700426014529512,-36.9558219909668,466.42401123046875,-673.3852758717638,-18.45871353149414,37.32586459241975,-654.9265623402697
0.3343237340450287,1.9981000423431396,0.18814163208007528,-9541.550295764835,0.497182650277864,-29.87181854248047,466.26824951171875,-673.6144658983245,-19.43575668334961,30.369001192758333,-654.1787092149749
0.14150317013263702,1.599021315574646,0.6079109191894503,-9546.264051080807,0.5817380469698037,-77.9138412475586,466.2337951660156,-673.8683171784945,9.086039543151855,78.4955792945284,-682.9543567216464
0.05808693543076515,0.9145466685295105,1.6941345214843722,-9551.445071321641,0.6650676025928988,-26.861915588378906,466.23712158203125,-674.1885283674923,-12.782012939453125,27.526983190971805,-661.4065154280391
0.1293252557516098,-0.1743415892124176,3.2342918395996065,-9556.900364680085,0.7481021414350835,-25.360219955444336,466.2607116699219,-674.5457784908748,9.878256797790527,26.10832209687942,-684.4240352886653
0.24668462574481964,-0.7661975622177124,4.6751106262207,-9562.233045292032,0.8344953126934342,10.92060375213623,466.2655334472656,-674.876760986871,-41.42544174194336,-10.086108439442796,-633.4513192449276
0.4497377872467041,-1.2318942546844482,5.537365722656247,-9567.600429872731,0.9361782001651591,10.132477760314941,466.24658203125,-675.1860928751662,-21.03108787536621,-9.196299560149782,-654.1550049998
0.6428336501121521,-2.620163917541504,5.4833381652832,-9572.98002314202,1.061047148767102,-1.5007456541061401,466.20611572265625,-675.4746565862661,-31.9552001953125,2.561792802873242,-643.5194563909536
0.7818022966384888,-4.997315883636475,4.527542877197263,-9579.352166387323,1.2299116604308438,20.998079299926758,466.08746337890625,-675.745741219373,-20.773454666137695,-19.768167639495914,-654.9722865532353
0.922311007976532,-6.312574863433838,2.846997070312497,-9585.548772419419,1.4122335887268491,-14.235825538635254,465.8353271484375,-675.8726056498675,-21.180932998657227,15.648059127362103,-654.6916726512103
0.9170883893966675,-5.953675746917725,1.379631805419919,-9590.751652132909,1.5689481097897442,2.883458137512207,465.51153564453125,-675.8670359015662,0.4879206418991089,-1.3145100277224628,-676.3549565434653
0.7674585580825806,-3.897913932800293,0.24382095336913778,-9596.093497967291,1.7196159975082992,-18.973283767700195,465.1068115234375,-675.7890330681431,-10.760986328125,20.692899765208495,-665.0280467400181
0.513889729976654,-1.63338041305542,-0.32523269653320597,-9600.774471411529,1.8431501451595977,-19.310077667236328,464.7527160644531,-675.7212382098633,-6.112602233886719,21.153227812395926,-669.6086359759765
0.20634977519512177,-0.055000923573970795,-0.3488265991210966,-9606.142471650255,1.9741234380571768,0.6951889991760254,464.4143371582031,-675.7111802631821,0.7107734680175781,1.2789344388811514,-676.4219537311997
0.016225121915340424,0.5806419849395752,0.11994247436523153,-9612.216129620107,2.106674312717587,-1.9185254573822021,464.1366882324219,-675.8050121727349,-13.505688667297363,4.025199770099789,-662.2993235054375
-0.04227485507726669,-0.21267715096473694,0.7935607910156222,-9618.094107781777,2.223802637270637,8.017802238464355,463.96356201171875,-675.9913984975868,-23.045753479003906,-5.793999601193718,-652.9456450185829
-0.03007120080292225,-2.5228993892669678,1.4367225646972628,-9624.208201187466,2.346907947209729,5.606938362121582,463.82977294921875,-676.2315634076236,-24.128475189208984,-3.260030414911853,-652.1030882184147
-0.014399375766515732,-5.981301307678223,1.8328674316406222,-9631.069694199112,2.487123335939941,10.95138931274414,463.625,-676.4464573491413,-3.143531084060669,-8.4642659768042,-673.3029262650806
0.021434681490063667,-6.913877964019775,1.8085945129394503,-9637.161983105605,2.613812647117811,-25.657066345214844,463.2849426269531,-676.4790203283293,-8.58126163482666,28.270878992332655,-667.8977586935026
-0.010658642277121544,-5.163171768188477,1.8706634521484347,-9642.499834500068,2.723149098691465,20.805082321166992,462.8694152832031,-676.3899699618386,-25.63848876953125,-18.081933222475527,-650.7514811923073
0.0022914584260433912,-3.4248266220092773,1.902825164794919,-9647.91510286136,2.8351561392055373,-48.863525390625,462.427734375,-676.27950105543,11.545938491821289,51.69868152983054,-687.8254395472513
-0.03228215500712395,-1.5841864347457886,2.096970367431638,-9652.944182388801,2.9392613598201933,-17.52867317199707,462.0383605957031,-676.1977189569767,-21.156375885009766,20.467934531817264,-655.0413430719669
0.0004176432266831398,-0.13782399892807007,2.6582115173339815,-9658.580594181652,3.0513086992968965,-43.548030853271484,461.67596435546875,-676.1800604302401,-0.9581983089447021,46.59933955256838,-675.2218621212954
0.09575918316841125,-0.2798383831977844,3.546917724609372,-9664.726703555167,3.173350351054978,-1.600677728652954,461.3920593261719,-676.2720675539589,-33.51285934448242,4.774028079707932,-642.7592082094765
0.25209155678749084,-1.3880205154418945,4.194687652587888,-9669.91220379755,3.2839355306714424,-1.0309739112854004,461.21185302734375,-676.4090200367459,-30.587350845336914,4.314909441956843,-645.821669191409
0.3982740044593811,-3.547466993331909,4.331707763671872,-9675.348100315445,3.410746725773606,6.260620594024658,461.0380554199219,-676.5676961032253,-24.582239151000977,-2.849873868251052,-651.9854569522244
0.5308225154876709,-6.499497890472412,3.7967536926269503,-9681.31045822708,3.5643911691804533,-49.36274719238281,460.7931823730469,-676.687496488501,-29.068452835083008,52.927138361563266,-647.619043653418
0.5116803050041199,-8.701532363891602,3.343579101562497,-9686.968804615528,3.716220724994855,50.86458969116211,460.4369812011719,-676.6773746074624,-8.75981616973877,-47.148368966167254,-667.9175584377236
0.6315711140632629,-8.255197525024414,2.535820770263669,-9692.793783187548,3.877050582867014,-47.610870361328125,459.9022216796875,-676.4988860377632,-45.666114807128906,51.48792094419514,-630.8327712306343
0.6016561388969421,-7.132208824157715,1.827751922607419,-9697.823683592356,4.020209677381899,-8.821717262268066,459.3617858886719,-676.2660921346016,-11.068965911865234,12.841926939649966,-665.1971262227364
0.4726727604866028,-5.966485500335693,1.5710838317871065,-9702.710343094066,4.1519232497230405,-52.32805633544922,458.81103515625,-676.0142223010876,-21.416728973388672,56.47997958517226,-654.5974933276989
0.27475836873054504,-4.6107563972473145,1.8393829345703097,-9708.06357673967,4.286723324670675,-31.27094268798828,458.215576171875,-675.7461811127555,9.754621505737305,35.557666012658956,-685.5008026184928
0.15797540545463562,-2.8877761363983154,2.5781829833984347,-9712.9334724283,4.40159796099033,-43.608070373535156,457.7020263671875,-675.5304868882441,-18.05574607849121,48.009668334525486,-657.4747408097529
0.1997397392988205,-1.5602082014083862,3.9425857543945284,-9719.2958897666,4.553866317446591,-30.450857162475586,457.1314392089844,-675.3490418449422,-18.89635467529297,35.00472347992218,-656.4526871696493
0.39171239733695984,-2.7770891189575195,5.34621887207031,-9725.591997607005,4.71143555281742,66.46465301513672,456.6912841796875,-675.2939732679147,-9.177390098571777,-61.7532174623193,-666.1165831693429
0.6699225902557373,-4.406881809234619,5.538132476806638,-9731.649432298864,4.89004064598339,-6.016687393188477,456.30096435546875,-675.2741420208404,-28.835779190063477,10.906728039171867,-646.4383628307769
0.826901912689209,-6.3039326667785645,4.545807647705075,-9737.924761736786,5.100011224968512,28.33510398864746,455.8675537109375,-675.2245469670399,-36.11604690551758,-23.23509276367895,-639.1085000615224
0.9912009239196777,-8.76880931854248,2.8359077453613253,-9743.889246964785,5.317687604022467,-12.496063232421875,455.383544921875,-675.1053417223708,-27.698444366455078,17.813750836444342,-647.4068973559157
1.0659732818603516,-9.88524341583252,1.1625831604003878,-9749.259374519872,5.512692832568973,17.295639038085938,454.8288879394531,-674.8791358117603,-10.948763847351074,-11.782946205516964,-663.9303719644092
1.0065884590148926,-8.020206451416016,-0.39978332519531534,-9755.56306080144,5.7333980032799445,13.757588386535645,454.0271301269531,-674.4629279688476,-5.672271728515625,-8.0241903832557,-668.7906562403319
0.7087098956108093,-3.8788065910339355,-1.425044250488284,-9761.672448836756,5.930055936530152,17.77017593383789,453.2049865722656,-674.0144505939161,-11.896373748779297,-11.840119997307738,-662.1180768451368
0.3313414752483368,-1.1395000219345093,-1.8614227294921903,-9766.787700114783,6.081579525595771,20.231849670410156,452.6044006347656,-673.7267268273083,-32.96717834472656,-14.150270144814385,-640.7595484825817
-0.016945023089647293,-0.5096420645713806,-1.975825500488284,-9771.838509018478,6.21570349407375,10.070272445678711,452.143310546875,-673.5745574458471,-8.014724731445312,-3.8545689516049606,-665.5598327144018
-0.3252447247505188,-2.102739095687866,-1.668921661376956,-9778.067206141339,6.363359015088463,20.71549415588379,451.72119140625,-673.53340174138,-15.44770622253418,-14.352135140795326,-658.0856955188458
-0.48471400141716003,-4.889773368835449,-1.1342918395996122,-9783.840511712182,6.482296752249567,-15.782923698425293,451.3831787109375,-673.5484995417097,-3.8068056106567383,22.26522045067486,-669.741693931053
-0.6857187747955322,-6.4314093589782715,0.020577239990231533,-9790.717256878572,6.604609546777283,33.056522369384766,450.8972473144531,-673.4831678977089,-32.14361572265625,-26.451912822607483,-641.3395521750526
-0.7021417021751404,-6.958456516265869,0.9345138549804659,-9796.31965548364,6.6970548263616365,-8.177478790283203,450.42230224609375,-673.3508802071628,-28.53350257873535,14.87453361664484,-644.8173776284275
-0.6811971664428711,-8.060319900512695,1.6582344055175753,-9802.348883577735,6.7977198296002825,24.036937713623047,449.8460693359375,-673.1434106847264,-28.78432273864746,-17.239217884022764,-644.359087946079
-0.5921459794044495,-8.655693054199219,1.9795539855957003,-9807.31510751212,6.88556421074918,13.889934539794922,449.30487060546875,-672.9059592223388,-17.64072608947754,-7.0043703290457415,-655.2652331328612
-0.4266030490398407,-7.98218297958374,1.821892547607419,-9813.289133577262,6.9995015607591995,15.53917121887207,448.5699768066406,-672.5364525105019,-28.40066909790039,-8.53966965811287,-644.1357834126015
-0.29312020540237427,-6.954385280609131,1.3332374572753878,-9819.058369585242,7.110710610877504,13.37717056274414,447.82659912109375,-672.1459364154697,-26.65838050842285,-6.266459951866636,-645.4875559070468
-0.22400271892547607,-6.8138861656188965,0.5433357238769503,-9825.693062821189,7.242018232479495,-7.851920127868652,446.9881896972656,-671.7133222138467,-20.165733337402344,15.093938360348147,-651.5475888764444
-0.25545957684516907,-6.943968772888184,0.08734207153320028,-9830.600705944726,7.331093929681629,-2.5564382076263428,446.3761291503906,-671.4014259791708,-18.000404357910156,9.887532137307971,-653.4010216212606
-0.3369346857070923,-6.6810688972473145,-0.10210723876953409,-9836.515049979365,7.431048002470561,41.68721008300781,445.6356201171875,-671.0226537235976,-27.949806213378906,-34.25616208053725,-643.0728475102187
-0.3418063819408417,-6.821104526519775,-0.3303024291992216,-9841.403651727576,7.506458326205575,37.69522476196289,445.0337219238281,-670.719755222031,-20.870450973510742,-30.188766435757316,-649.8493042485203
-0.3090199828147888,-7.254705429077148,-0.906104278564456,-9846.569009374982,7.588163539081506,9.865236282348633,444.4010314941406,-670.4029916000732,-16.40210723876953,-2.2770727432671265,-654.0008843613036
-0.3505170941352844,-7.0920915603637695,-1.4856140136718778,-9852.194594041179,7.668400130075497,4.228431224822998,443.696533203125,-670.0425688071206,-28.61379051208496,3.439968905252499,-641.4287782950356
-0.5052536129951477,-7.335591793060303,-1.6430999755859403,-9858.891397115753,7.743311968141825,-14.020509719848633,442.8597717285156,-669.615401355184,-27.61697769165039,21.763821687990458,-641.9984236635336
-0.7277766466140747,-8.610902786254883,-0.9179031372070341,-9866.022142708374,7.7930835615716205,18.457218170166016,441.9603271484375,-669.1520918591771,-50.181915283203125,-10.664134608594395,-618.9701765759739
-0.8002516627311707,-10.324203491210938,-0.09078903198242472,-9871.904621021073,7.82689579433827,22.207612991333008,441.1759338378906,-668.7274863352133,-39.551334381103516,-14.380717196994738,-629.1761519541097
-0.7666211128234863,-11.837475776672363,0.2940109252929659,-9876.571053241016,7.853448476736958,25.867063522338867,440.4968566894531,-668.333820408102,-40.47108840942383,-18.01361504560191,-627.8627319986782
-0.6204820871353149,-12.842620849609375,0.30118637084960653,-9882.465329803621,7.890919833683256,28.401887893676758,439.5303955078125,-667.7278686249219,-32.50626754760742,-20.510968059993502,-635.2216010773145
-0.43853503465652466,-12.401164054870605,-0.07723541259765909,-9887.350627892876,7.920686377598031,27.879512786865234,438.6378479003906,-667.1341186488551,-28.610074996948242,-19.958826409267203,-638.5240436519068
-0.25037309527397156,-10.46530532836914,-0.8394462585449247,-9893.307554829194,7.964655105533893,16.296714782714844,437.48309326171875,-666.3437052696535,-49.692893981933594,-8.33205967718095,-616.6508112877199
-0.21890506148338318,-9.366571426391602,-1.5363914489746122,-9898.877396931352,7.99527088877403,-28.819477081298828,436.423583984375,-665.6248621291021,-24.450654983520508,36.81474797007286,-641.1742071455816
-0.39656054973602295,-9.030030250549316,-1.5923454284667997,-9904.964254862529,8.012284484482734,19.366689682006836,435.3141784667969,-664.8877447910785,-27.28251838684082,-11.354405197524102,-637.6052264042377
-0.500700056552887,-8.910345077514648,-1.181422424316409,-9910.983496856818,8.009620897359127,-33.84669494628906,434.2593994140625,-664.2011183500347,-31.16021728515625,41.85631584364819,-633.0409010648784
-0.6283314228057861,-9.462637901306152,-0.39290542602539347,-9916.606338548627,7.996535147278337,-15.77465534210205,433.30743408203125,-663.5930607485659,-8.600005149841309,23.771190489380388,-654.9930555987246
-0.7171142101287842,-9.032876014709473,0.9004943847656222,-9922.557964606029,7.974194377322419,-58.52345275878906,432.2956848144531,-662.9453285248144,-17.40766143798828,66.49764713611148,-645.5376670868261
-0.7387184500694275,-7.2988600730896,2.891587066650388,-9929.293150923018,7.94202596591731,-11.992557525634766,431.16754150390625,-662.2291268566163,-14.597013473510742,19.934583491552075,-647.6321133831055
-0.5300372242927551,-6.281691074371338,4.365387725830075,-9934.402430690641,7.920980684987626,3.1538329124450684,430.3675231933594,-661.741605483739,-8.344024658203125,4.7671477725425575,-653.3975808255359
-0.17088045179843903,-5.575735569000244,5.179150390624997,-9939.665368049338,7.923664737763829,-18.571542739868164,429.60650634765625,-661.3024836765817,-22.863306045532227,26.495207477631993,-638.4391776310495
0.15766309201717377,-5.803174018859863,5.329716491699216,-9944.646508822725,7.940476838660288,-37.71583938598633,428.9510803222656,-660.9517172722299,-12.882553100585938,45.656316224646616,-648.0691641716439
0.42382413148880005,-6.816255569458008,5.11050109863281,-9950.956712624762,7.987959919878449,-19.629375457763672,428.1741943359375,-660.5607798841179,-43.48616027832031,27.61733537764212,-617.0746196057976
0.6022219657897949,-8.109289169311523,4.630303192138669,-9956.219985299202,8.043773658706414,-13.683821678161621,427.53607177734375,-660.2445728728593,-11.47264289855957,21.727595336868035,-648.7719299742997
0.7759808897972107,-8.75439453125,3.7051361083984347,-9962.122120645252,8.120541670365128,1.2264149188995361,426.7796325683594,-659.8491237261221,-34.60342788696289,6.894126751465592,-625.2456958391592
0.9042965173721313,-9.080459594726562,2.5918052673339815,-9967.360825696627,8.197188785137769,-15.78995418548584,426.0726623535156,-659.462566438416,-17.414541244506836,23.98714297062361,-642.0480251939092
0.9383145570755005,-9.140905380249023,1.422020721435544,-9972.820879398903,8.283639667346506,-22.62883186340332,425.2987976074219,-659.0226528829158,-30.855815887451172,30.912471530749826,-628.1668369954647
0.8106424808502197,-9.141581535339355,0.6096160888671847,-9978.748198026044,8.368864708486399,-11.063279151916504,424.42938232421875,-658.5157679374154,-35.167823791503906,19.432143860402903,-623.3479441459115
0.6242066025733948,-10.231264114379883,0.26458435058593466,-9984.611279498193,8.446453597513937,-29.847150802612305,423.5547180175781,-657.9997050557672,-12.329110145568848,38.29360440012624,-645.6705949101984
0.42477092146873474,-10.484981536865234,0.4139144897460909,-9989.416602716088,8.500562395669476,41.46563720703125,422.7950134277344,-657.5339066245998,-17.107175827026367,-32.965074811361774,-640.4267307975734
0.35013794898986816,-9.229515075683594,0.46883850097655966,-9994.984782914027,8.563642146888924,-9.888587951660156,421.8680114746094,-656.9474691618509,2.7556509971618652,18.45223009854908,-659.7031201590128
0.2665490508079529,-6.000030040740967,0.41871337890624716,-10001.243163469007,8.636438605597505,37.81135559082031,420.8253173828125,-656.2875540226954,-13.711640357971191,-29.174916985222808,-642.5759136647242
0.21511539816856384,-3.4764537811279297,0.25671081542968466,-10007.373274933349,8.70372622855757,25.268692016601562,419.9233093261719,-655.7604796450285,-4.666924476623535,-16.564965788043992,-651.0935551684049
0.12483788281679153,-3.349095582962036,-0.3017837524414091,-10013.615302113933,8.779210688196144,8.995054244995117,419.1805114746094,-655.399460530881,7.015925407409668,-0.2158435567989727,-662.4153859382907
-0.007821849547326565,-3.70304012298584,-0.8584167480468778,-10019.558563676786,8.842220791457294,5.062209606170654,418.58026123046875,-655.1627157361642,1.9550502300262451,3.7800111852866394,-657.1177659661904
-0.145745649933815,-3.693605661392212,-1.1619865417480497,-10025.37107336741,8.89313215304719,-7.1965813636779785,418.0501403808594,-654.9881032088834,-5.56158447265625,16.08971351672517,-649.4265187362272
-0.277452290058136,-4.066059589385986,-1.077063751220706,-10030.902757595977,8.93001993845428,-20.5489559173584,417.5887145996094,-654.8650097288977,-4.207250595092773,29.478975855812678,-650.6577591338049
-0.39444294571876526,-4.80142068862915,-0.42055053710937784,-10036.788204251889,8.956346264991225,-36.830284118652344,417.11944580078125,-654.755710268301,-2.1215052604675293,45.78663038364357,-652.6342050078334
-0.47986653447151184,-5.019688606262207,0.7866409301757784,-10042.311544135386,8.96801320783743,21.684343338012695,416.6697998046875,-654.6438862114636,-14.406403541564941,-12.716330130175265,-640.2374826698987
-0.3753539025783539,-5.524601936340332,1.8765266418457003,-10047.902089517085,8.979830396564466,-21.219284057617188,416.207763671875,-654.523782482266,-4.109992027282715,30.199114454181654,-650.4137904549833
-0.25921449065208435,-5.852632522583008,2.626133728027341,-10053.618626427178,9.000329983597112,-85.51533508300781,415.71173095703125,-654.3773881430305,-10.041147232055664,94.51566506660492,-644.3362409109749
-0.21677479147911072,-5.694265842437744,3.6513679504394503,-10059.30314736945,9.021893228809859,-57.76811218261719,415.1915588378906,-654.2048962190196,14.042699813842773,66.79000541142705,-668.2475960328624
-0.1437058448791504,-4.265646934509277,5.034172821044919,-10065.054183028955,9.047919063582412,-66.61131286621094,414.6437072753906,-654.0087930660337,-3.083878755569458,75.65923192979335,-650.9249143104643
0.12753991782665253,-2.514902114868164,6.647572326660153,-10071.351001799809,9.090604239498134,8.284318923950195,414.08349609375,-653.8337118190312,-18.097694396972656,0.8062853155479388,-635.7360174220586
0.5205355882644653,-2.4835009574890137,7.320416259765622,-10076.401755730043,9.147759241298445,-48.77235794067383,413.7044372558594,-653.7635703252491,-23.403860092163086,57.92011718197227,-630.359710233086
0.825084924697876,-3.7900290489196777,7.304821777343747,-10081.75396327894,9.233741973872384,16.234619140625,413.3554992675781,-653.7419873742476,1.3339906930923462,-7.000877166752616,-655.07597806734
1.1288549900054932,-4.976633548736572,6.0759056091308565,-10088.294400612032,9.379142819615481,10.066347122192383,412.9213562011719,-653.7078745920634,-18.186351776123047,-0.6872043025769017,-635.5215228159403
1.2954645156860352,-5.801732063293457,4.084519195556638,-10093.561797822797,9.519654212163914,-7.8339433670043945,412.5438537597656,-653.6525399654408,6.002536296844482,17.35359757916831,-659.6550762622853
1.3182127475738525,-5.894898414611816,1.9889305114746065,-10098.572171290654,9.663223745364121,-24.246780395507812,412.1427917480469,-653.5579255229487,-12.143909454345703,33.91000414087193,-641.414016068603
1.0624445676803589,-5.318528652191162,-0.05469818115234659,-10105.019453940546,9.837932408520828,-0.9767813682556152,411.5842590332031,-653.3937255078231,-13.795997619628906,10.814713776776443,-639.5977278881942
0.712190568447113,-5.641961574554443,-1.1723167419433622,-10111.01044903811,9.978472163026709,1.384530782699585,411.0599060058594,-653.2357974379551,-15.658910751342773,8.593941380327124,-637.5768866866123
0.3573398292064667,-6.9046783447265625,-1.666896057128909,-10117.23804494132,10.110913090767099,17.572824478149414,410.4991760253906,-653.0559635401651,-36.677955627441406,-7.461911387382315,-616.3780079127237
0.14658629894256592,-8.350091934204102,-1.7266952514648466,-10121.845540885186,10.196139118945212,-12.314221382141113,410.0528564453125,-652.8914504843465,-12.378578186035156,22.510360501086325,-640.5128722983113
-0.1484316736459732,-9.176915168762207,-1.2797424316406278,-10127.759679700486,10.28632972325886,1.0996195077896118,409.3934326171875,-652.5937508820989,-15.261016845703125,9.186710215469247,-637.3327340363958
-0.39695870876312256,-8.400489807128906,-0.3293907165527372,-10133.690657451805,10.359756514492801,14.301909446716309,408.6386413574219,-652.2017137616582,2.0745067596435547,-3.9421529322235074,-654.2762205213018
-0.4705301523208618,-6.487771987915039,0.5112121582031222,-10138.97207550126,10.423784501988848,-52.59233856201172,407.9292907714844,-651.8153885417355,-28.41935157775879,63.01612306400057,-623.3960369639767
-0.49929970502853394,-5.056667327880859,1.6845252990722628,-10144.37293273466,10.482176294825877,5.366034984588623,407.23931884765625,-651.4557471973607,-18.398391723632812,5.1161413102372535,-633.0573554737279
-0.3231332302093506,-5.684560775756836,3.057907867431638,-10150.755512817415,10.5527529022429,2.3228697776794434,406.51202392578125,-651.1188275966673,-9.74707317352295,8.229883124563457,-641.3717544231444
-0.0476481132209301,-7.338083267211914,3.6403701782226534,-10158.048260346179,10.651474671940377,-12.076647758483887,405.7161560058594,-650.7690032237006,-11.461221694946289,22.728122430424264,-639.3077815287543
0.1288875937461853,-7.837426662445068,3.515019226074216,-10164.308843340463,10.754700317197603,-65.87584686279297,404.9900207519531,-650.4257816293944,-34.91294860839844,76.63054717999057,-615.5128330209959
0.14500032365322113,-8.28376293182373,3.578545379638669,-10169.074832342176,10.833469273347873,-21.764867782592773,404.4122619628906,-650.139523215285,-10.623841285705566,32.59833705594065,-639.5156819295794
0.1642932891845703,-8.453468322753906,3.8412063598632784,-10174.86021650521,10.93222685406272,0.4510262906551361,403.67218017578125,-649.753290682164,-13.027488708496094,10.481200563407583,-636.7258019736679
0.28621891140937805,-7.69450044631958,3.7192581176757784,-10180.763172728628,11.048048739621663,-34.65960693359375,402.87872314453125,-649.3208739201717,-5.493628978729248,45.70765567321541,-643.8272449414425
0.3381422162055969,-6.421745777130127,3.484185028076169,-10186.726501763515,11.173541558725447,-20.203807830810547,402.07568359375,-648.8825671979836,-25.0695858001709,31.377349389535993,-623.8129813978127
0.3618539571762085,-6.111537456512451,3.342259216308591,-10192.722742766535,11.303421844446348,1.2301368713378906,401.3161315917969,-648.489761006829,-15.253692626953125,10.073284973108457,-633.2360683798759
0.42319798469543457,-7.315619468688965,2.927677917480466,-10198.796605955733,11.445736187582042,20.744327545166016,400.5927429199219,-648.1378657220409,-6.730748653411865,-9.298591357583973,-641.4071170686291
0.5263546705245972,-7.955679893493652,1.9754913330078097,-10204.70335139973,11.593126040810603,-27.301925659179688,399.8711853027344,-647.7775801327703,-11.258593559265137,38.89505169999029,-636.5189865735051
0.4629766047000885,-7.488725662231445,1.1030395507812472,-10210.95247145985,11.745822247939032,-7.741343975067139,399.0711975097656,-647.3598048963133,-10.76241683959961,19.48716622300617,-636.5973880567137
0.33509764075279236,-6.857492446899414,0.7886932373046847,-10216.187442264105,11.867870361719724,-49.06953430175781,398.39593505859375,-647.004726975941,28.93623924255371,60.93740466347754,-675.9409662184947
0.1403677761554718,-4.915821075439453,1.069340515136716,-10221.697376966937,11.98531111504235,-28.176572799682617,397.69012451171875,-646.6359184723493,9.629908561706543,40.16188391472497,-656.2658270340559
0.046944789588451385,-2.192305326461792,1.9907958984374972,-10227.492487036976,12.100664850965586,9.18457317352295,397.0141906738281,-646.3144287504027,-4.723299980163574,2.916091677442637,-641.5911287702392
0.18955300748348236,-1.3684817552566528,2.892472076416013,-10234.033409931693,12.231989884557152,-29.669034957885742,396.4214782714844,-646.1217763305021,-10.854455947875977,41.901024842442894,-635.2673203826262
0.28232839703559875,-2.569897413253784,3.402245330810544,-10239.105612895899,12.343002914846693,-1.7872916460037231,396.06939697265625,-646.0799242548999,-11.111733436584473,14.130294560850416,-634.9681908183154
0.39594587683677673,-5.49394416809082,3.7019317626953097,-10245.643772666748,12.491577323144156,-48.392208099365234,395.6634521484375,-646.0738704132287,-4.586357116699219,60.88378542250939,-641.4875132965295
0.3569487929344177,-7.465059280395508,3.9504287719726534,-10251.858393977458,12.638747282532677,-34.36680603027344,395.2086181640625,-645.9991389514598,-5.675241470336914,47.005553312806114,-640.3238974811229
0.28874823451042175,-7.386959552764893,4.453362274169919,-10258.019194821147,12.790564901340986,-56.63470458984375,394.640625,-645.8079565092227,-8.077369689941406,69.42526949118474,-637.7305868192813
0.24293401837348938,-6.391125679016113,5.109467315673825,-10263.54133821257,12.93119171579474,-108.99939727783203,394.0690002441406,-645.5740805120294,-15.436161041259766,121.93058899362677,-630.1379194707696
0.2548595666885376,-6.055769443511963,6.320317077636716,-10270.257442855273,13.10650136248023,-58.15083312988281,393.36895751953125,-645.2848123445725,-14.016705513000488,71.25733449236304,-631.268106831572
0.3425735831260681,-6.971456527709961,7.47412185668945,-10276.114642614459,13.276031030645754,-38.05830001831055,392.7653503417969,-645.0394468508548,-13.031883239746094,51.3343310489563,-632.0075636111087
0.5327280163764954,-8.190661430358887,8.2754524230957,-10282.837915259637,13.494949675721728,74.42820739746094,392.035400390625,-644.7207098706481,-1.612892746925354,-60.93325772173921,-643.1078171237227
0.9231376051902771,-7.794140338897705,7.44738845825195,-10289.028023920742,13.739921977732592,38.9450569152832,391.2900085449219,-644.3539212896744,9.114477157592773,-25.20513493755061,-653.4683984472672
1.2565020322799683,-5.143977165222168,4.933945465087888,-10295.24165395872,14.025815277203037,-1.9575154781341553,390.5023498535156,-643.9463044920366,-1.8770307302474976,15.983330755337192,-642.0692737617891
1.0351824760437012,-2.6314733028411865,1.9565208435058565,-10301.533802183181,14.329593758887313,5.1661481857299805,389.7811584472656,-643.6099573575699,4.070809364318848,9.163445573157333,-647.6807667218887
0.5315094590187073,-2.01904034614563,-0.31288833618164347,-10307.078831143968,14.592422881153652,-23.515771865844727,389.26422119140625,-643.4321686017626,3.093418598175049,38.10819474699838,-646.5255871999376
-0.022686781361699104,-2.716480016708374,-1.7216598510742216,-10312.531060886779,14.827117791107412,-30.911054611206055,388.8482971191406,-643.3497171862296,5.402880668640137,45.73817240231347,-648.7525978548697
-0.46389496326446533,-3.8405377864837646,-1.9142677307128935,-10317.869377693383,15.032950146308394,-29.914575576782227,388.48388671875,-643.3118122289243,-11.866055488586426,44.94752572309062,-631.4457567403379
-0.8367419242858887,-5.759334564208984,-0.7145187377929716,-10324.189902910972,15.23689150393966,-25.637500762939453,388.0565490722656,-643.2710544654749,21.385046005249023,40.87439226687911,-664.6561004707239
-1.0487470626831055,-6.013106346130371,1.1652420043945284,-10329.727223334197,15.3932184732912,-29.30360221862793,387.6213073730469,-643.1744897919533,1.5718162059783936,44.69682069191913,-644.7463059979317
-1.047304630279541,-4.263444423675537,3.761395263671872,-10336.285525700023,15.570672848328286,-27.886619567871094,387.0458679199219,-643.0001732952613,26.868053436279297,43.45729241619938,-669.8682267315406
-0.7030002474784851,-1.1042826175689697,6.11697082519531,-10342.74550260013,15.754491760464589,-32.12921142578125,386.4964599609375,-642.8458744495991,0.45013129711151123,47.88370318624584,-643.2960057467106
-0.15318550169467926,0.9124718308448792,7.686753082275388,-10348.301173617714,15.928796446958586,25.123506546020508,386.12847900390625,-642.8176928886975,5.138742923736572,-9.194710099061922,-647.956435812434
0.4026753008365631,0.6605603098869324,8.188530731201169,-10353.634524861145,16.12144899031955,-26.0416202545166,385.9039611816406,-642.9193768026629,15.735498428344727,42.16306924483615,-658.6548752310076
0.6818664073944092,-0.6734280586242676,7.725334930419919,-10358.920813201352,16.342831254537487,-28.76187515258789,385.7603759765625,-643.0991148433428,12.654635429382324,45.10470640712538,-655.7537502727251
0.774756133556366,-2.1963815689086914,6.673821258544919,-10364.940350212422,16.614440785023362,-37.05935287475586,385.619384765625,-643.3262942880951,4.832282543182373,53.67379365977922,-648.1585768312775
0.7524624466896057,-3.4597010612487793,5.4253929138183565,-10371.273829873027,16.914224826784448,-26.858203887939453,385.439697265625,-643.5339789988076,11.685362815856934,43.7724287147239,-655.2193418146645
0.6773793697357178,-3.4772417545318604,4.344609069824216,-10377.47289853723,17.21370837678205,-6.087460994720459,385.1962890625,-643.6697220776779,15.375176429748535,23.30116937150251,-659.0448985074264
0.5774141550064087,-2.115009307861328,3.398400115966794,-10383.255834742655,17.493416734031598,-4.66777229309082,384.924072265625,-643.7512048112899,-0.4292428493499756,22.16118902712242,-643.3219619619399
0.412000834941864,-1.3820180892944336,2.5403831481933565,-10388.740005330348,17.76065073490554,28.39838218688965,384.6849670410156,-643.847525829176,-2.531442165374756,-10.63773145198411,-641.3160836638012
0.23664763569831848,-2.262012004852295,1.4399497985839815,-10394.627819345942,18.048313148022316,-37.847084045410156,384.4700012207031,-643.992674141016,9.775349617004395,55.89539719343247,-653.7680237580204
-0.024457857012748718,-3.13590407371521,0.7862937927246065,-10400.561519922168,18.32563399610899,-47.41574478149414,384.2454833984375,-644.1310769931808,24.32341194152832,65.74137877760313,-668.4544889347092
-0.291532427072525,-2.033132791519165,1.3982551574707003,-10406.856020831816,18.5926361661368,-22.75473976135254,383.9602355957031,-644.23081735862,-6.355652332305908,41.34737592748934,-637.8751650263141
-0.3431706130504608,-1.1630228757858276,2.596520233154294,-10412.341442885045,18.80787926208177,-13.323651313781738,383.7254333496094,-644.331517897933,0.53386390209198,32.13153057586351,-644.865381800025
-0.20144765079021454,-2.247739553451538,4.098019409179685,-10419.036003221354,19.073505345158992,-19.36471176147461,383.4936218261719,-644.5091632254197,6.4839067459106445,38.4382171066336,-650.9930699713303
-0.06237541139125824,-3.5978646278381348,5.150349426269528,-10425.040157981279,19.319651252269978,3.241428852081299,383.2770080566406,-644.6597792927945,16.472328186035156,16.07822240018868,-661.1321074788297
0.09587357193231583,-3.378924608230591,5.566239166259763,-10430.987523930973,19.577930725031365,20.28955078125,383.003173828125,-644.749701548756,9.695074081420898,-0.711620056218635,-654.4447756301769
0.2750352919101715,-1.9191547632217407,4.974293518066403,-10437.444512338387,19.879807259176232,-21.20114517211914,382.672607421875,-644.8140614717846,25.110450744628906,41.08095243129537,-669.9245122164135
0.2550353407859802,-0.006298414431512356,4.058666992187497,-10443.244697918519,20.162278740297552,14.614917755126953,382.3983459472656,-644.8945545446152,15.655652046203613,5.547360985170599,-660.5502065908188
0.1513756811618805,1.278559684753418,3.227165985107419,-10448.01714399226,20.399540754291593,47.066219329833984,382.2286376953125,-645.016741599059,22.48651695251465,-26.66667857554239,-667.5032585515736
-0.052318915724754333,1.8108004331588745,1.8016212463378878,-10453.656353732958,20.681879401518927,-18.154747009277344,382.11602783203125,-645.249040579097,20.197734832763672,38.83662641079627,-665.4467754118607
-0.3552974760532379,1.599402904510498,0.6175582885742159,-10458.641523770246,20.927563621015906,6.044233798980713,382.0843200683594,-645.5222388768013,19.325023651123047,14.883329822035194,-664.8472625279244
-0.6367672085762024,0.824314534664154,-0.19467849731445597,-10464.046485390489,21.181224783353173,7.0862226486206055,382.0970764160156,-645.8655768389644,10.01298713684082,14.095002134732567,-655.8785639758053
-0.8549391031265259,-0.850574791431427,-0.6545402526855497,-10470.169798992074,21.445573776431957,23.23767852783203,382.1317443847656,-646.2747627115905,36.00348663330078,-1.7921047514000747,-682.2782493448913
-0.9261476397514343,-1.047041654586792,-0.8284599304199247,-10475.977583162847,21.68060947711092,37.240074157714844,382.116943359375,-646.6151809833528,8.256637573242188,-15.559464680603924,-654.871818556595
-0.9672881364822388,-0.23475681245326996,-1.0114776611328153,-10482.211300822342,21.91841377664514,33.14529800415039,382.06439208984375,-646.9439002191547,26.27515411376953,-11.226884227505252,-673.2190543329242
-1.0102651119232178,0.8654506802558899,-1.2562744140625028,-10488.630076382706,22.14959334627929,34.834197998046875,382.013427734375,-647.2855249951156,18.831249237060547,-12.684604651767586,-666.1167742321761
-1.0602545738220215,1.8200905323028564,-1.4685089111328153,-10494.351688802893,22.33721067850911,-21.264089584350586,382.0016174316406,-647.6236634994855,0.33333003520965576,43.601300262859695,-647.9569935346951
-1.136144757270813,1.6063176393508911,-1.2555229187011747,-10499.22150936858,22.485688063929956,-39.05607604980469,382.03802490234375,-647.9579219556488,28.050676345825195,61.541764113734644,-676.008598301474
-1.123367190361023,1.2644442319869995,0.022824096679684658,-10505.27605084017,22.638176314225348,51.39885711669922,382.11004638671875,-648.4002550602358,13.177498817443848,-28.76068080247387,-661.5777538776797
-0.895558774471283,0.8601487874984741,1.1386497497558565,-10510.565047330783,22.765340237060627,8.937399864196777,382.1836242675781,-648.797321824428,30.83748435974121,13.82794037286385,-679.6348061841692
-0.7091032266616821,0.8004287481307983,1.680901336669919,-10515.178610057475,22.87896067035399,-16.339107513427734,382.2424011230469,-649.1382762644898,12.645891189575195,39.218068183781725,-661.784167454065
-0.5533237457275391,0.8539921045303345,2.276676940917966,-10520.643554199985,23.012194113506666,24.22381019592285,382.30804443359375,-649.5381698777686,-11.107963562011719,-1.2116160824161852,-638.4302063157569
-0.37365567684173584,-0.07919301092624664,2.524826812744138,-10525.98747237727,23.14992497019648,64.42057800292969,382.3778381347656,-649.934811616533,2.215311050415039,-41.27065303273321,-652.150122666948
-0.2036275416612625,-2.148057222366333,1.8256118774414034,-10531.990676163427,23.31365078583167,-11.587444305419922,382.4304504394531,-650.3545955940791,-1.1674612760543823,34.90109509125159,-649.1871343180247
-0.1834898144006729,-4.2859601974487305,0.8235366821289034,-10537.901696389632,23.478532794578314,14.485491752624512,382.3966369628906,-650.6823156023139,-14.892879486083984,8.993041041953802,-635.7894361162299
-0.1828225702047348,-6.269313335418701,0.019177246093747158,-10543.361394626681,23.62242570651506,6.678149223327637,382.2567443847656,-650.8763524735978,4.988768577575684,16.944276483187423,-655.8651210511734
-0.18961748480796814,-6.648921966552734,-0.7312156677246122,-10549.433876253943,23.773364737004158,-23.55255126953125,381.9385681152344,-650.9295850912056,-4.442378997802734,47.32591600653541,-646.4872060934028
-0.32375195622444153,-5.164543628692627,-0.8026382446289091,-10554.868876771528,23.894724807307284,-55.58274459838867,381.53887939453125,-650.8623152426771,-0.47917068004608154,79.47746940569596,-650.3831445626311
-0.5011820793151855,-3.62023663520813,-0.07268829345703409,-10559.60691936828,23.982286108682274,-29.785385131835938,381.1632995605469,-650.7765265082948,-28.070392608642578,53.76767124051821,-622.7061338996522
-0.5452914834022522,-2.9662015438079834,1.695774841308591,-10565.83459039443,24.081124287321472,-21.58349609375,380.7032775878906,-650.6974052130331,12.978151321411133,45.66462038107147,-663.6755565344442
-0.4047822952270508,-2.7395315170288086,3.4230850219726534,-10571.479907216917,24.170713908107246,39.43963623046875,380.3155212402344,-650.6549312338198,-0.1750946044921875,-15.268922322361504,-650.4798366293276
-0.055401358753442764,-2.588825225830078,4.357254791259763,-10577.632849277164,24.28323487220223,-36.58128356933594,379.9212951660156,-650.6370352176399,1.616978645324707,60.864518441538166,-652.2540138629646
0.12507863342761993,-2.935490608215332,4.5061729431152315,-10582.536142495554,24.38842116298838,-17.572160720825195,379.62896728515625,-650.6446055973832,8.019789695739746,41.960581883813575,-658.664395293123
0.2408837080001831,-2.993557929992676,4.494190979003903,-10587.832867673213,24.5115155229596,26.038408279418945,379.31488037109375,-650.6544802734035,31.000099182128906,-1.5268927564593469,-681.6545794555324
0.36341041326522827,-1.04274320602417,3.738602447509763,-10593.948472737236,24.669362363122673,23.47443962097168,378.9423828125,-650.6560291443309,2.5347142219543457,1.1949227421509931,-653.1907433662852
0.3061184287071228,0.6188773512840271,2.4016197204589815,-10599.424934787367,24.830094211080905,0.8637501001358032,378.666015625,-650.7146167249716,23.557361602783203,23.9663441109451,-674.2719783277548
0.03105650469660759,1.2971619367599487,0.7906768798828097,-10605.361138294662,25.003433249308728,13.258163452148438,378.4652099609375,-650.8768848211618,-6.630603790283203,11.74526979716029,-644.2462810308785
-0.30779001116752625,0.8342899680137634,-0.6090118408203153,-10611.138438305428,25.163702422614733,44.159690856933594,378.3607177734375,-651.1257474397156,2.4464309215545654,-18.99598843431886,-653.5721783612702
-0.5805097222328186,-1.1276100873947144,-2.0506889343261747,-10616.939820377635,25.317214032128504,25.532855987548828,378.3088073730469,-651.4286647673553,6.202474117279053,-0.21564195542032394,-657.6311388846343
-0.7653957605361938,-2.9554224014282227,-3.237868499755862,-10622.103721340165,25.44114668145812,34.036048889160156,378.2423400878906,-651.6780351952649,10.438701629638672,-8.594902207702035,-662.1167368249036
-0.9075344204902649,-3.505091428756714,-4.1835853576660185,-10627.849566067674,25.554800951692414,-14.920804977416992,378.0893249511719,-651.8764509770585,-4.54433536529541,40.475605929109406,-647.3321156117631
-1.1439276933670044,-3.398406744003296,-4.174697113037112,-10633.559605606777,25.6379509124381,12.060782432556152,377.87152099609375,-652.0078880013548,-9.820300102233887,13.577168479881948,-642.1875878991209
-1.3280307054519653,-4.194734573364258,-3.156489562988284,-10639.680887164424,25.694093504987904,37.19462966918945,377.6005554199219,-652.1113160439274,-7.678446292877197,-11.500536164201549,-644.4328697510502
-1.3443456888198853,-5.20249080657959,-2.2490226745605497,-10644.416111663846,25.721935214390214,56.174659729003906,377.35357666015625,-652.1539560215472,-0.08080005645751953,-30.452724514613692,-652.0731559650897
-1.2212449312210083,-5.371875286102295,-1.6204406738281278,-10650.307214663897,25.75712900909184,40.37160873413086,376.9696044921875,-652.130299148638,3.2957494258880615,-14.614479725039018,-655.426048574526
-1.0941898822784424,-4.459545612335205,-1.5287467956542997,-10655.039265600764,25.78269315625039,75.13276672363281,376.6119079589844,-652.0620272494192,6.40721321105957,-49.350073567382424,-658.4692404604788
-0.9741197228431702,-3.022860050201416,-1.7479087829589872,-10659.789256693304,25.806708083601734,0.7792222499847412,376.2408752441406,-651.9815164354866,-0.33819079399108887,25.027485833616993,-651.6433256414955
-0.9537321329116821,-1.7997676134109497,-1.9453422546386747,-10665.776893158454,25.824635091607888,68.68238067626953,375.812744140625,-651.9196048666881,-10.359491348266602,-42.85774558466164,-641.5601135184215
-0.9130074381828308,-2.191565752029419,-2.1861679077148466,-10671.488464505375,25.831954866798696,45.59058380126953,375.47064208984375,-651.9268374846611,-9.677775382995605,-19.758628934470835,-642.2490621016655
-0.8809306621551514,-3.671393871307373,-2.719111633300784,-10676.383358405234,25.834951348345385,80.06736755371094,375.2069396972656,-651.9625196283569,1.2196630239486694,-54.23241620536555,-653.1821826523055
-0.8200463652610779,-4.958005428314209,-3.722735595703128,-10682.336085682287,25.82782517166379,40.21445083618164,374.8544921875,-651.9741565158971,-4.831968307495117,-14.386625664517851,-647.142188208402
-0.8189514875411987,-5.086544513702393,-4.73129577636719,-10687.935330874281,25.80742117322461,43.2984504699707,374.46484375,-651.9269725852045,15.780684471130371,-17.491029296746092,-667.7076570563348
-0.8702512979507446,-3.7913084030151367,-5.5020973205566435,-10693.32482044594,25.77110906305279,111.70988464355469,374.0447692871094,-651.8365334257902,-12.999899864196777,-85.9387755805019,-638.8366335615934
-1.000510334968567,-2.6490604877471924,-6.081568908691409,-10698.59832473849,25.718871429158753,95.66768646240234,373.644775390625,-651.759080869213,1.2860804796218872,-69.94881503324359,-653.0451613488349
-1.1514235734939575,-2.6185200214385986,-6.56454772949219,-10703.97678196415,25.640985102029845,85.19154357910156,373.27978515625,-651.7230511711266,2.5096683502197266,-59.55055847707172,-654.2327195213463
-1.270861268043518,-2.891033411026001,-6.938250732421878,-10709.194748912003,25.548890128857238,98.19149017333984,372.95074462890625,-651.7131551741722,-1.4858424663543701,-72.6426000444826,-650.2273127078179
-1.381224513053894,-3.5440685749053955,-7.257609558105472,-10715.402522861481,25.407468377672558,108.99264526367188,372.5743408203125,-651.7164350856305,5.812191963195801,-83.58517688599932,-657.5286270488263
-1.437307596206665,-3.6910173892974854,-7.470050048828128,-10721.628517308916,25.240658126055678,77.54769897460938,372.1825866699219,-651.7054790686874,7.225382328033447,-52.3070408485537,-658.9308613967208
-1.4672073125839233,-2.9339566230773926,-7.577647399902347,-10727.51034513961,25.057639270940854,116.25857543945312,371.7965087890625,-651.6791491892272,-33.195011138916016,-91.20093616851227,-618.4841380503112
-1.5142155885696411,-2.907900810241699,-7.574847412109378,-10733.489191997027,24.843277816979935,93.18601989746094,371.4270935058594,-651.6754158453023,1.134982705116272,-68.342742080481,-652.8103985504185
-1.5173677206039429,-3.655306100845337,-7.562884521484378,-10739.542562601007,24.605470109087946,121.20850372314453,371.0688781738281,-651.6874405201523,-14.88328742980957,-96.60303361405659,-636.8041530903428
-1.5011452436447144,-4.891878128051758,-7.605113220214847,-10745.172277278509,24.361720239787246,30.706363677978516,370.7257080078125,-651.6885984545123,2.5448293685913086,-6.3446434381912695,-654.2334278231036
-1.499981164932251,-5.57360315322876,-7.506724548339847,-10749.650107895304,24.15194972133213,93.57083129882812,370.4192199707031,-651.6559862705162,-5.460389137268066,-69.418881577496,-646.1955971332482
-1.4614973068237305,-5.434568405151367,-7.341227722167972,-10754.420432127667,23.916495685662994,127.33538055419922,370.0493469238281,-651.5778787526599,1.0038286447525024,-103.41888486853622,-652.5817073974124
-1.3762503862380981,-4.542349815368652,-7.313887786865237,-10759.993713460162,23.627437352284687,51.38747024536133,369.5815734863281,-651.4509818042911,-18.95189666748047,-27.76003289307664,-632.4990851368107
-1.3302627801895142,-4.244064807891846,-7.3296424865722685,-10765.49095938776,23.327083742615287,99.62435150146484,369.1249084472656,-651.3305427297721,-3.892014980316162,-76.29726775884956,-647.438527749456
-1.2622021436691284,-4.707209587097168,-7.471820068359378,-10771.458513706377,22.984415636545236,65.92432403564453,368.64068603515625,-651.2113115756796,4.937356948852539,-42.939908399099295,-656.1486685245321
-1.185051441192627,-4.4966278076171875,-7.802867126464847,-10776.855231728958,22.659997377424588,159.25875854492188,368.1892395019531,-651.0899424569509,-6.172576427459717,-136.5987611674973,-644.9173660294912
-1.1488100290298462,-4.157667636871338,-8.2177116394043,-10781.941796322579,22.338972574698346,89.73181915283203,367.7630310058594,-650.9748415789677,-22.720157623291016,-67.39284657813369,-628.2546839556767
-1.1561166048049927,-4.993845462799072,-8.78164978027344,-10788.09089966377,21.934272490431795,115.03936004638672,367.2671203613281,-650.8550262063598,-15.81563949584961,-93.10508755595492,-635.0393867105101
-1.1570065021514893,-7.133508682250977,-9.410811614990237,-10794.40105396733,21.496102490957128,83.8361587524414,366.7441101074219,-650.7179615232131,-24.82182502746582,-62.34005626148428,-625.8961364957473
-1.1336147785186768,-9.337678909301758,-9.915106964111331,-10799.438223122024,21.130012004966375,148.49354553222656,366.2685546875,-650.5504925669336,-18.000503540039062,-127.36353352726019,-632.5499890268945
-1.0516046285629272,-10.566520690917969,-10.424311828613284,-10804.866696919624,20.717797652512672,64.8698959350586,365.6424255371094,-650.2563830974224,-36.22917938232422,-44.15209828254592,-614.0272037150982
-1.0290364027023315,-11.120189666748047,-10.78967208862305,-10810.345407183006,20.27913114144576,70.790771484375,364.89825439453125,-649.847304229598,-34.83573532104492,-50.51164034292924,-615.011568908553
-1.0503116846084595,-11.900162696838379,-11.011744689941409,-10816.291737836475,19.781796759581084,41.37607192993164,363.9856262207031,-649.2983692188172,-42.2952880859375,-21.594275170350556,-607.0030811328797
-1.1958303451538086,-13.087443351745605,-10.782061767578128,-10822.36689826515,19.24229265221493,-27.8299560546875,362.9495849609375,-648.633900688704,-47.783267974853516,47.07224870690243,-600.8506327138505
0.6751247048377991,-15.407082557678223,-8.737307739257815,-10827.313005229025,18.782001236829274,14925.3828125,362.3279724121094,-648.3148050013309,37170.02734375,-14906.600811263172,-37818.34214875133
7.28920841217041,-20.321840286254883,-7.1805335998535185,-10831.715701916215,18.157702452866033,556.7161254882812,362.3590393066406,-648.6151523609785,102.6765365600586,-538.5584230354152,-751.2916889210371
15.609363555908203,-23.81532859802246,-8.509906005859378,-10835.782726577618,17.47521040976426,562.4765625,362.5620422363281,-649.066905175174,-63.99601745605469,-545.0013520902357,-585.0708877191194
25.800228118896484,-27.145265579223633,-10.512110900878909,-10840.73393467605,16.66278090978176,3050.829833984375,362.7640380859375,-649.5717298849938,21732.640625,-3034.1670530745932,-22382.212354884992
33.70097351074219,-29.262990951538086,-12.314479064941409,-10844.60354250211,16.030933033652218,14.00408935546875,362.82220458984375,-649.8665717424967,45.880714416503906,2.026843678183468,-695.7472861590006
41.538028717041016,-30.93349838256836,-14.278617095947268,-10848.454519391527,15.404946721005217,20349.912109375,362.7881164550781,-650.0680194444269,39100.95703125,-20334.507162653994,-39751.02505069443
51.037540435791016,-32.28152084350586,-16.680983734130862,-10853.273518932856,14.62264591580697,918.2515258789062,362.62310791015625,-650.1977535379566,210.17832946777344,-903.6288799630993,-860.37608300573
55.218353271484375,-32.725154876708984,-18.03436965942383,-10857.683178403182,14.032192661757108,2423.798828125,362.4726257324219,-650.3169776873988,755.5597534179688,-2409.766635463243,-1405.8767311053675
51.44807434082031,-32.498931884765625,-17.94677658081055,-10862.482235093896,13.639459472306953,1626.3028564453125,362.44952392578125,-650.587398762213,208.93045043945312,-1612.6633969730055,-859.5178492016661
42.03847885131836,-31.517786026000977,-16.695655059814456,-10867.603969068414,13.430220289423232,761.5523681640625,362.52081298828125,-650.9719464943082,253.28343200683594,-748.1221478746393,-904.2553785011442
36.48350143432617,-30.502605438232422,-17.449572753906253,-10872.223659026375,13.240519980495264,1483.1119384765625,362.58563232421875,-651.3193181723575,1607.2750244140625,-1469.8714184960672,-2258.5943425864198
35.68257141113281,-29.812171936035156,-20.801840972900393,-10876.851433136604,12.989308078975228,1702.599365234375,362.6083984375,-651.625131075685,2061.466796875,-1689.6100571553998,-2713.091927950685
40.074951171875,-29.294532775878906,-26.974909973144534,-10881.715547859674,12.643264915538566,-1499.60205078125,362.565185546875,-651.8794201862355,3631.772216796875,1512.2453156967886,-4283.651636983111
46.29734420776367,-29.38401222229004,-33.15172500610352,-10886.369421400785,12.295389452519885,1468.51318359375,362.49169921875,-652.0905769577338,122.763916015625,-1456.2177941412301,-774.8544929733588
53.08354949951172,-30.52989959716797,-38.3744613647461,-10890.21557749793,11.997701943843822,1439.02490234375,362.4168701171875,-652.2509888405805,720.216796875,-1427.0272003999062,-1372.4677857155805
61.29632568359375,-32.45757293701172,-44.97103042602539,-10894.430748177161,11.67155038209421,576.9993896484375,362.293212890625,-652.3851424971413,1486.2734375,-565.3278392663433,-2138.6585799971413
69.40132904052734,-34.31239700317383,-53.366537255048755,-10898.542552704559,11.37218629470317,1209.4022216796875,362.15582275390625,-652.4992410988648,67.25485229492188,-1198.0300353849843,-719.7540933937867
77.13333892822266,-34.552284240722656,296.46250610351564,-10902.446523708644,11.11118256275131,-1522.2235107421875,362.03802490234375,-652.6202203429036,211.7940673828125,1533.3346933049388,-864.4142877257161
85.81776428222656,-31.946929931640625,283.3278015136719,-10906.746970138154,10.826998244653623,-414.7748107910156,361.92742919921875,-652.7726512112242,549.9703369140625,425.60180903566925,-1202.7429881252867
92.1915054321289,-27.624439239501953,271.7482421875,-10910.34506249549,10.586880124614254,1405.7762451171875,361.8356018066406,-652.9008925747642,25.97446060180664,-1395.1893649925732,-678.8753531765708
97.64236450195312,-21.6180419921875,259.31654052734376,-10914.338529058597,10.308366825155645,-516.654541015625,361.7289123535156,-653.0384540001222,-33.7927131652832,526.9629078407806,-619.245740834839
102.60958099365234,-13.797974586486816,245.0452392578125,-10919.232046871504,9.911303880040577,-474.7178955078125,361.6077575683594,-653.2165995861565,-5.895450592041016,484.6291993878531,-647.3211489941154
106.17987823486328,-7.004919052124023,233.25751953125,-10923.445370576657,9.497281102016132,-348.83392333984375,361.5180358886719,-653.3845758238182,2.588960647583008,358.3312044418599,-655.9735364714012
110.23658752441406,1.2048999071121216,219.5023620605469,-10928.464434655296,8.901832935798666,-484.4420471191406,361.4111022949219,-653.584621339821,-16.581777572631836,493.3438800549393,-637.0028437671891
113.87689971923828,8.401732444763184,207.7855651855469,-10932.773566220601,8.287315032299375,-255.00900268554688,361.3039245605469,-653.7410013825532,27.659914016723633,263.29631771784625,-681.4009153992769
119.44586181640625,11.552742958068848,195.4971435546875,-10938.089308899573,7.4191658552517765,-503.1390686035156,361.1973876953125,-653.9595892676105,85.96138763427734,510.5582344587674,-739.9209769018878
125.98115539550781,6.6369500160217285,186.49697570800782,-10942.840487284675,6.607424398745934,-2.0408201217651367,361.0941467285156,-654.1469428196488,75.83245849609375,8.64824452051107,-729.9794013157425
132.32716369628906,2.1939454078674316,179.25535278320314,-10946.835546104045,5.921365766394047,113.24803924560547,360.9126892089844,-654.2098335651655,227.2091827392578,-107.32667347921142,-881.4190163044233
